Месяц.год;Расход    ;День ;День ;Число;Расход    ;День ;День ;Число;
         ;минимал.  ;1-й  ;посл.;случ.;максимал. ;1-й  ;посл.;случ.;
01.2000  ;          ;01   ;31   ;31   ;          ;01   ;31   ;31   ;
02.2000  ;          ;01   ;29   ;29   ;          ;01   ;29   ;29   ;
03.2000  ;          ;01   ;24   ;24   ;     0.560;31   ;     ;01   ;
04.2000  ;     0.720;01   ;     ;01   ;     3.290;28   ;     ;01   ;
05.2000  ;     1.990;10   ;11   ;02   ;     8.400;13   ;     ;01   ;
06.2000  ;     0.180;26   ;30   ;04   ;     2.070;01   ;     ;01   ;
07.2000  ;     0.180;01   ;02   ;02   ;     9.550;31   ;     ;01   ;
08.2000  ;     1.840;10   ;     ;01   ;    49.800;23   ;     ;01   ;
09.2000  ;     2.950;30   ;     ;01   ;    80.000;02   ;     ;01   ;
10.2000  ;     1.280;30   ;31   ;02   ;     9.130;04   ;     ;01   ;
11.2000  ;     0.350;23   ;26   ;04   ;     1.220;01   ;06   ;03   ;
12.2000  ;     0.064;31   ;     ;01   ;     0.340;01   ;     ;01   ;
01.2001  ;     0.035;20   ;31   ;12   ;     0.062;01   ;     ;01   ;
02.2001  ;     0.015;20   ;     ;01   ;     0.034;01   ;     ;01   ;
03.2001  ;     0.006;16   ;     ;01   ;     7.310;31   ;     ;01   ;
04.2001  ;     3.320;29   ;30   ;02   ;     7.910;05   ;06   ;02   ;
05.2001  ;     1.980;31   ;     ;01   ;    10.600;11   ;     ;01   ;
06.2001  ;     0.520;30   ;     ;01   ;     2.660;04   ;     ;01   ;
07.2001  ;     0.580;01   ;     ;01   ;    32.200;31   ;     ;01   ;
08.2001  ;     2.320;31   ;     ;01   ;    31.700;01   ;     ;01   ;
09.2001  ;     0.410;29   ;30   ;02   ;     3.220;02   ;     ;01   ;
10.2001  ;     0.400;31   ;     ;01   ;     2.840;06   ;07   ;02   ;
11.2001  ;     0.230;30   ;     ;01   ;     0.400;01   ;     ;01   ;
12.2001  ;     0.000;31   ;     ;01   ;     0.210;01   ;     ;01   ;
01.2002  ;          ;01   ;31   ;31   ;          ;01   ;31   ;31   ;
02.2002  ;          ;01   ;28   ;28   ;          ;01   ;28   ;28   ;
03.2002  ;          ;01   ;11   ;11   ;     2.250;18   ;     ;01   ;
04.2002  ;     1.070;06   ;     ;01   ;     3.520;26   ;     ;01   ;
05.2002  ;     0.800;30   ;     ;01   ;     2.620;01   ;     ;01   ;
06.2002  ;     0.630;12   ;     ;01   ;     3.840;22   ;     ;01   ;
07.2002  ;     0.410;11   ;12   ;02   ;    35.000;22   ;     ;01   ;
08.2002  ;     3.370;05   ;     ;01   ;    62.000;24   ;     ;01   ;
09.2002  ;     1.580;30   ;     ;01   ;    16.700;03   ;     ;01   ;
10.2002  ;     1.520;02   ;03   ;02   ;     4.570;08   ;     ;01   ;
11.2002  ;     0.470;30   ;     ;01   ;     2.350;01   ;     ;01   ;
12.2002  ;     0.013;31   ;     ;01   ;     0.450;01   ;     ;01   ;
01.2003  ;          ;04   ;31   ;28   ;     0.010;01   ;     ;01   ;
02.2003  ;          ;01   ;28   ;28   ;          ;01   ;28   ;28   ;
03.2003  ;          ;01   ;16   ;16   ;     1.750;25   ;     ;01   ;
04.2003  ;     0.610;17   ;     ;01   ;     1.370;01   ;     ;01   ;
05.2003  ;     0.840;23   ;26   ;04   ;     1.400;08   ;14   ;03   ;
06.2003  ;     0.480;13   ;     ;01   ;     1.100;20   ;30   ;02   ;
07.2003  ;     0.430;28   ;29   ;02   ;     2.420;02   ;     ;01   ;
08.2003  ;     0.430;07   ;10   ;04   ;    24.900;14   ;     ;01   ;
09.2003  ;     0.290;26   ;30   ;03   ;     1.730;01   ;     ;01   ;
10.2003  ;     0.290;01   ;     ;01   ;     0.890;30   ;     ;01   ;
11.2003  ;     0.200;30   ;     ;01   ;     0.750;01   ;02   ;02   ;
12.2003  ;     0.007;31   ;     ;01   ;     0.180;01   ;     ;01   ;
01.2004  ;          ;12   ;31   ;20   ;     0.006;01   ;     ;01   ;
02.2004  ;          ;01   ;29   ;29   ;          ;01   ;29   ;29   ;
03.2004  ;          ;01   ;16   ;16   ;     3.350;31   ;     ;01   ;
04.2004  ;     0.880;20   ;23   ;04   ;     3.820;02   ;     ;01   ;
05.2004  ;     0.880;01   ;02   ;02   ;    42.500;23   ;     ;01   ;
06.2004  ;     0.410;28   ;     ;01   ;     7.320;01   ;     ;01   ;
07.2004  ;     0.770;02   ;     ;01   ;    16.400;13   ;14   ;02   ;
08.2004  ;     0.300;29   ;31   ;03   ;     3.360;01   ;     ;01   ;
09.2004  ;     0.230;30   ;     ;01   ;     0.630;08   ;     ;01   ;
10.2004  ;     0.230;01   ;31   ;02   ;     0.370;03   ;19   ;17   ;
11.2004  ;     0.120;30   ;     ;01   ;     0.410;08   ;12   ;05   ;
12.2004  ;     0.011;31   ;     ;01   ;     0.120;01   ;     ;01   ;
01.2005  ;     0.001;26   ;31   ;06   ;     0.011;01   ;     ;01   ;
02.2005  ;          ;07   ;28   ;22   ;     0.001;01   ;03   ;03   ;
03.2005  ;          ;01   ;20   ;20   ;     0.340;31   ;     ;01   ;
04.2005  ;     0.370;01   ;     ;01   ;     2.120;23   ;     ;01   ;
05.2005  ;     1.690;01   ;     ;01   ;    11.000;20   ;     ;01   ;
06.2005  ;     0.430;30   ;     ;01   ;     2.340;01   ;     ;01   ;
07.2005  ;     0.200;20   ;22   ;03   ;     7.070;31   ;     ;01   ;
08.2005  ;     1.700;26   ;     ;01   ;    60.900;04   ;     ;01   ;
09.2005  ;     0.430;30   ;     ;01   ;     2.680;01   ;     ;01   ;
10.2005  ;     0.550;01   ;     ;01   ;     0.770;30   ;31   ;02   ;
11.2005  ;     0.190;30   ;     ;01   ;     0.770;01   ;     ;01   ;
12.2005  ;          ;29   ;31   ;03   ;     0.180;01   ;     ;01   ;
01.2006  ;          ;01   ;31   ;31   ;          ;01   ;31   ;31   ;
02.2006  ;          ;01   ;28   ;28   ;          ;01   ;28   ;28   ;
03.2006  ;          ;01   ;26   ;26   ;     0.037;27   ;     ;01   ;
04.2006  ;     0.063;01   ;     ;01   ;    43.400;26   ;     ;01   ;
05.2006  ;     1.980;31   ;     ;01   ;     8.740;02   ;     ;01   ;
06.2006  ;     1.500;14   ;     ;01   ;    13.400;30   ;     ;01   ;
07.2006  ;     1.110;13   ;     ;01   ;     7.150;01   ;     ;01   ;
08.2006  ;     1.430;27   ;     ;01   ;    25.700;29   ;     ;01   ;
09.2006  ;     0.800;28   ;     ;01   ;     8.180;05   ;     ;01   ;
10.2006  ;     0.740;19   ;24   ;03   ;     1.360;01   ;     ;01   ;
11.2006  ;     0.240;30   ;     ;01   ;     1.110;06   ;07   ;02   ;
12.2006  ;     0.011;31   ;     ;01   ;     0.230;01   ;     ;01   ;
01.2007  ;          ;06   ;31   ;26   ;     0.009;01   ;     ;01   ;
02.2007  ;          ;01   ;28   ;28   ;          ;01   ;28   ;28   ;
03.2007  ;          ;01   ;25   ;25   ;     4.010;31   ;     ;01   ;
04.2007  ;     4.180;01   ;     ;01   ;    20.600;10   ;     ;01   ;
05.2007  ;     3.620;24   ;25   ;02   ;    53.300;26   ;27   ;02   ;
06.2007  ;     0.890;27   ;     ;01   ;    20.600;08   ;     ;01   ;
07.2007  ;     0.520;31   ;     ;01   ;     4.770;01   ;     ;01   ;
08.2007  ;     0.520;01   ;     ;01   ;     8.390;18   ;19   ;02   ;
09.2007  ;     0.520;07   ;     ;01   ;     1.800;11   ;     ;01   ;
10.2007  ;     0.440;18   ;19   ;02   ;     3.800;28   ;     ;01   ;
11.2007  ;     0.450;30   ;     ;01   ;     3.010;01   ;     ;01   ;
12.2007  ;     0.028;31   ;     ;01   ;     0.430;01   ;     ;01   ;
01.2008  ;          ;06   ;31   ;26   ;     0.023;01   ;     ;01   ;
02.2008  ;          ;01   ;29   ;29   ;          ;01   ;29   ;29   ;
03.2008  ;          ;01   ;12   ;12   ;     1.530;27   ;     ;01   ;
04.2008  ;     0.390;22   ;23   ;02   ;     4.160;29   ;30   ;02   ;
05.2008  ;     3.170;18   ;     ;01   ;    20.000;21   ;     ;01   ;
06.2008  ;     0.880;30   ;     ;01   ;    12.400;01   ;     ;01   ;
07.2008  ;     0.730;02   ;     ;01   ;   102.000;18   ;     ;01   ;
08.2008  ;     0.840;27   ;     ;01   ;    15.400;03   ;     ;01   ;
09.2008  ;     0.390;29   ;30   ;02   ;     1.320;01   ;     ;01   ;
10.2008  ;     0.270;21   ;24   ;04   ;     0.600;27   ;29   ;03   ;
11.2008  ;     0.091;30   ;     ;01   ;     0.560;01   ;     ;01   ;
12.2008  ;          ;30   ;31   ;02   ;     0.090;01   ;     ;01   ;
01.2009  ;          ;01   ;31   ;31   ;          ;01   ;31   ;31   ;
02.2009  ;          ;01   ;28   ;28   ;          ;01   ;28   ;28   ;
03.2009  ;          ;01   ;26   ;26   ;     0.180;31   ;     ;01   ;
04.2009  ;     0.260;01   ;     ;01   ;    23.600;23   ;     ;01   ;
05.2009  ;     0.500;26   ;31   ;02   ;     2.740;04   ;     ;01   ;
06.2009  ;     0.500;01   ;     ;01   ;     2.810;15   ;     ;01   ;
07.2009  ;     1.990;09   ;     ;01   ;    60.500;24   ;     ;01   ;
08.2009  ;     1.980;14   ;16   ;03   ;    31.800;23   ;     ;01   ;
09.2009  ;     0.830;28   ;     ;01   ;     5.590;01   ;     ;01   ;
10.2009  ;     0.730;12   ;     ;01   ;     1.980;04   ;     ;01   ;
11.2009  ;     0.200;30   ;     ;01   ;     0.880;01   ;03   ;03   ;
12.2009  ;          ;31   ;     ;01   ;     0.200;01   ;02   ;02   ;
01.2010  ;          ;01   ;31   ;31   ;          ;01   ;31   ;31   ;
02.2010  ;          ;01   ;28   ;28   ;          ;01   ;28   ;28   ;
03.2010  ;          ;01   ;31   ;31   ;          ;01   ;31   ;31   ;
04.2010  ;          ;01   ;     ;01   ;    11.700;08   ;     ;01   ;
05.2010  ;     5.440;31   ;     ;01   ;    74.000;20   ;     ;01   ;
06.2010  ;     0.760;19   ;30   ;02   ;     5.310;01   ;     ;01   ;
07.2010  ;     0.760;02   ;     ;01   ;    10.400;07   ;     ;01   ;
08.2010  ;     0.600;08   ;     ;01   ;     5.240;17   ;     ;01   ;
09.2010  ;     0.450;18   ;26   ;09   ;     1.070;01   ;02   ;02   ;
10.2010  ;     0.510;01   ;03   ;03   ;     1.510;04   ;     ;01   ;
11.2010  ;     0.230;30   ;     ;01   ;     0.600;01   ;09   ;09   ;
12.2010  ;          ;21   ;31   ;11   ;     0.230;01   ;05   ;05   ;
01.2011  ;          ;01   ;31   ;31   ;          ;01   ;31   ;31   ;
02.2011  ;          ;01   ;28   ;28   ;          ;01   ;28   ;28   ;
03.2011  ;          ;01   ;18   ;18   ;     2.460;31   ;     ;01   ;
04.2011  ;     1.430;20   ;     ;01   ;    11.500;27   ;     ;01   ;
05.2011  ;     3.360;30   ;     ;01   ;    20.500;16   ;     ;01   ;
06.2011  ;     2.750;27   ;     ;01   ;    20.100;15   ;     ;01   ;
07.2011  ;     0.760;31   ;     ;01   ;    20.100;06   ;     ;01   ;
08.2011  ;     0.340;20   ;21   ;02   ;     0.760;01   ;     ;01   ;
09.2011  ;     0.220;25   ;30   ;06   ;     0.540;01   ;     ;01   ;
10.2011  ;     0.220;01   ;     ;01   ;     0.310;16   ;18   ;03   ;
11.2011  ;     0.081;30   ;     ;01   ;     0.250;01   ;     ;01   ;
12.2011  ;          ;21   ;31   ;11   ;     0.071;01   ;     ;01   ;
01.2012  ;          ;01   ;31   ;31   ;          ;01   ;31   ;31   ;
02.2012  ;          ;01   ;29   ;29   ;          ;01   ;29   ;29   ;
03.2012  ;          ;01   ;24   ;24   ;     0.073;31   ;     ;01   ;
04.2012  ;     0.120;01   ;     ;01   ;     0.510;23   ;26   ;03   ;
05.2012  ;     0.340;30   ;31   ;02   ;     0.690;16   ;17   ;02   ;
06.2012  ;     0.250;29   ;30   ;02   ;     0.790;14   ;     ;01   ;
07.2012  ;     0.310;01   ;     ;01   ;     0.920;23   ;     ;01   ;
08.2012  ;     0.380;31   ;     ;01   ;     1.010;06   ;     ;01   ;
09.2012  ;     0.340;04   ;09   ;04   ;     5.160;20   ;     ;01   ;
10.2012  ;     2.860;31   ;     ;01   ;     7.420;02   ;     ;01   ;
11.2012  ;     0.280;30   ;     ;01   ;     4.540;18   ;     ;01   ;
12.2012  ;          ;30   ;31   ;02   ;     0.280;01   ;     ;01   ;
01.2014  ;          ;02   ;31   ;30   ;     0.027;01   ;     ;01   ;
02.2014  ;          ;01   ;28   ;28   ;          ;01   ;28   ;28   ;
03.2014  ;          ;01   ;21   ;21   ;     5.740;27   ;     ;01   ;
04.2014  ;     1.910;20   ;29   ;10   ;     3.660;01   ;     ;01   ;
05.2014  ;     1.840;05   ;     ;01   ;    13.000;18   ;     ;01   ;
06.2014  ;     1.040;30   ;     ;01   ;     9.510;15   ;     ;01   ;
07.2014  ;     0.700;06   ;09   ;04   ;    18.100;25   ;     ;01   ;
08.2014  ;     0.360;31   ;     ;01   ;     1.620;01   ;     ;01   ;
09.2014  ;     0.320;01   ;03   ;03   ;     1.690;07   ;     ;01   ;
10.2014  ;     0.410;01   ;02   ;02   ;     0.750;03   ;04   ;02   ;
11.2014  ;     0.190;30   ;     ;01   ;     0.650;06   ;07   ;02   ;
12.2014  ;     0.085;31   ;     ;01   ;     0.180;01   ;02   ;02   ;
01.2015  ;          ;13   ;31   ;19   ;     0.078;01   ;     ;01   ;
02.2015  ;          ;01   ;28   ;28   ;          ;01   ;28   ;28   ;
03.2015  ;          ;01   ;16   ;16   ;     3.390;31   ;     ;01   ;
04.2015  ;     2.690;29   ;30   ;02   ;     7.130;12   ;13   ;02   ;
05.2015  ;     2.620;01   ;03   ;03   ;    21.600;21   ;22   ;02   ;
06.2015  ;     0.820;29   ;30   ;02   ;    25.100;07   ;     ;01   ;
07.2015  ;     0.740;12   ;13   ;02   ;    35.700;15   ;     ;01   ;
08.2015  ;     1.040;09   ;21   ;02   ;   198.000;30   ;     ;01   ;
09.2015  ;     1.140;26   ;30   ;05   ;    53.000;01   ;     ;01   ;
10.2015  ;     0.700;26   ;31   ;06   ;     1.140;01   ;04   ;04   ;
11.2015  ;     0.450;29   ;30   ;02   ;     0.700;01   ;07   ;07   ;
12.2015  ;     0.049;31   ;     ;01   ;     0.460;10   ;     ;01   ;
01.2016  ;          ;08   ;31   ;24   ;     0.043;01   ;     ;01   ;
02.2016  ;          ;01   ;29   ;29   ;          ;01   ;29   ;29   ;
03.2016  ;          ;01   ;20   ;20   ;     1.430;31   ;     ;01   ;
04.2016  ;     1.620;01   ;     ;01   ;    15.100;24   ;25   ;02   ;
05.2016  ;     3.120;31   ;     ;01   ;    33.300;05   ;     ;01   ;
06.2016  ;     1.310;12   ;13   ;02   ;    13.100;27   ;     ;01   ;
07.2016  ;     1.140;21   ;26   ;05   ;     4.340;01   ;03   ;03   ;
08.2016  ;     1.040;27   ;29   ;03   ;     2.390;31   ;     ;01   ;
09.2016  ;     2.390;30   ;     ;01   ;   142.000;06   ;     ;01   ;
10.2016  ;     1.740;30   ;     ;01   ;     3.470;08   ;09   ;02   ;
11.2016  ;     0.500;30   ;     ;01   ;     1.720;01   ;     ;01   ;
12.2016  ;     0.048;31   ;     ;01   ;     0.490;01   ;02   ;02   ;
01.2017  ;          ;03   ;31   ;29   ;     0.032;01   ;     ;01   ;
02.2017  ;          ;01   ;28   ;28   ;          ;01   ;28   ;28   ;
03.2017  ;          ;01   ;14   ;14   ;     1.340;31   ;     ;01   ;
04.2017  ;     1.250;14   ;17   ;04   ;     2.390;29   ;30   ;02   ;
05.2017  ;     1.560;09   ;12   ;04   ;    17.000;26   ;     ;01   ;
06.2017  ;     1.310;27   ;30   ;04   ;     5.710;11   ;     ;01   ;
07.2017  ;     0.930;10   ;16   ;05   ;     6.420;23   ;     ;01   ;
08.2017  ;     0.930;31   ;     ;01   ;   135.000;09   ;     ;01   ;
09.2017  ;     0.410;15   ;19   ;05   ;     0.930;01   ;03   ;03   ;
10.2017  ;     0.380;26   ;31   ;06   ;     0.530;01   ;04   ;04   ;
11.2017  ;     0.170;30   ;     ;01   ;     0.490;07   ;11   ;05   ;
12.2017  ;          ;30   ;31   ;02   ;     0.160;01   ;02   ;02   ;
01.2018  ;          ;01   ;31   ;31   ;          ;01   ;31   ;31   ;
02.2018  ;          ;01   ;28   ;28   ;          ;01   ;28   ;28   ;
03.2018  ;          ;01   ;21   ;21   ;     0.880;31   ;     ;01   ;
04.2018  ;     0.940;01   ;     ;01   ;     1.730;14   ;     ;01   ;
05.2018  ;     0.960;28   ;31   ;04   ;    22.600;06   ;     ;01   ;
06.2018  ;     0.680;05   ;     ;01   ;     1.500;09   ;     ;01   ;
07.2018  ;     0.810;30   ;31   ;02   ;     4.230;18   ;     ;01   ;
08.2018  ;     0.810;01   ;04   ;04   ;    61.300;27   ;     ;01   ;
09.2018  ;     1.620;30   ;     ;01   ;    51.600;06   ;     ;01   ;
10.2018  ;     1.060;08   ;10   ;03   ;     1.690;20   ;     ;01   ;
11.2018  ;     1.060;28   ;30   ;03   ;    10.900;11   ;     ;01   ;
12.2018  ;          ;30   ;31   ;02   ;     0.950;01   ;     ;01   ;
01.1984  ;          ;08   ;31   ;24   ;     0.016;01   ;     ;01   ;
02.1984  ;          ;01   ;29   ;29   ;          ;01   ;29   ;29   ;
03.1984  ;          ;01   ;31   ;31   ;          ;01   ;31   ;31   ;
04.1984  ;          ;01   ;02   ;02   ;    10.400;11   ;     ;01   ;
05.1984  ;     1.690;31   ;     ;01   ;     9.070;01   ;     ;01   ;
06.1984  ;     0.630;16   ;18   ;03   ;     9.320;28   ;     ;01   ;
07.1984  ;     1.110;07   ;08   ;02   ;    10.600;19   ;     ;01   ;
08.1984  ;     0.660;13   ;15   ;03   ;     2.620;18   ;     ;01   ;
09.1984  ;     0.330;28   ;29   ;02   ;     1.150;12   ;     ;01   ;
10.1984  ;     0.280;11   ;12   ;02   ;     0.580;22   ;29   ;05   ;
11.1984  ;     0.095;30   ;     ;01   ;     0.580;03   ;     ;01   ;
12.1984  ;          ;20   ;31   ;12   ;     0.089;01   ;     ;01   ;
01.1985  ;          ;01   ;31   ;31   ;          ;01   ;31   ;31   ;
02.1985  ;          ;01   ;28   ;28   ;          ;01   ;28   ;28   ;
03.1985  ;          ;01   ;24   ;24   ;     0.710;31   ;     ;01   ;
04.1985  ;     0.160;21   ;29   ;04   ;     1.210;04   ;     ;01   ;
05.1985  ;     0.360;01   ;     ;01   ;     1.780;04   ;     ;01   ;
06.1985  ;     0.400;14   ;25   ;06   ;     0.630;01   ;02   ;02   ;
07.1985  ;     0.350;06   ;16   ;03   ;     3.910;27   ;     ;01   ;
08.1985  ;     1.020;31   ;     ;01   ;    12.900;05   ;08   ;02   ;
09.1985  ;     0.380;24   ;25   ;02   ;     1.070;09   ;     ;01   ;
10.1985  ;     0.380;31   ;     ;01   ;     0.740;01   ;     ;01   ;
11.1985  ;     0.150;30   ;     ;01   ;     0.570;13   ;     ;01   ;
12.1985  ;          ;28   ;31   ;04   ;     0.140;01   ;     ;01   ;
01.1986  ;          ;01   ;31   ;31   ;          ;01   ;31   ;31   ;
02.1986  ;          ;01   ;28   ;28   ;          ;01   ;28   ;28   ;
03.1986  ;          ;01   ;21   ;21   ;     0.070;31   ;     ;01   ;
04.1986  ;     0.088;01   ;     ;01   ;     4.870;29   ;     ;01   ;
05.1986  ;     1.600;12   ;13   ;02   ;    67.700;17   ;     ;01   ;
06.1986  ;     0.970;16   ;17   ;02   ;    36.500;30   ;     ;01   ;
07.1986  ;     1.040;31   ;     ;01   ;    79.400;01   ;     ;01   ;
08.1986  ;     0.710;27   ;28   ;02   ;    17.000;31   ;     ;01   ;
09.1986  ;     0.650;16   ;17   ;02   ;    16.900;01   ;     ;01   ;
10.1986  ;     0.280;31   ;     ;01   ;     0.970;01   ;     ;01   ;
11.1986  ;     0.072;30   ;     ;01   ;     0.270;01   ;02   ;02   ;
12.1986  ;          ;31   ;     ;01   ;     0.069;01   ;     ;01   ;
01.1987  ;          ;01   ;31   ;31   ;          ;01   ;31   ;31   ;
02.1987  ;          ;01   ;28   ;28   ;          ;01   ;28   ;28   ;
03.1987  ;          ;01   ;29   ;29   ;     0.010;30   ;31   ;02   ;
04.1987  ;     0.015;01   ;     ;01   ;    23.800;23   ;     ;01   ;
05.1987  ;     0.470;10   ;     ;01   ;     4.400;26   ;     ;01   ;
06.1987  ;     0.460;27   ;30   ;04   ;     2.660;05   ;     ;01   ;
07.1987  ;     0.460;03   ;04   ;02   ;   111.000;18   ;     ;01   ;
08.1987  ;     1.230;27   ;28   ;02   ;    20.400;10   ;     ;01   ;
09.1987  ;     0.650;06   ;07   ;02   ;     5.190;27   ;28   ;02   ;
10.1987  ;     0.780;17   ;19   ;03   ;     5.460;20   ;21   ;02   ;
11.1987  ;     0.180;30   ;     ;01   ;     1.230;03   ;05   ;03   ;
12.1987  ;     0.011;31   ;     ;01   ;     0.170;01   ;02   ;02   ;
01.1988  ;          ;28   ;31   ;04   ;     0.010;01   ;02   ;02   ;
02.1988  ;          ;01   ;29   ;29   ;          ;01   ;29   ;29   ;
03.1988  ;          ;01   ;28   ;28   ;     0.053;31   ;     ;01   ;
04.1988  ;     0.072;01   ;     ;01   ;     5.280;24   ;     ;01   ;
05.1988  ;     1.870;02   ;     ;01   ;    11.700;13   ;     ;01   ;
06.1988  ;     0.740;30   ;     ;01   ;     8.660;18   ;     ;01   ;
07.1988  ;     0.650;31   ;     ;01   ;    14.100;10   ;     ;01   ;
08.1988  ;     0.480;01   ;09   ;03   ;    83.100;23   ;     ;01   ;
09.1988  ;     1.080;30   ;     ;01   ;    57.800;01   ;02   ;02   ;
10.1988  ;     0.740;31   ;     ;01   ;     1.250;08   ;     ;01   ;
11.1988  ;     0.150;29   ;30   ;02   ;     0.740;01   ;04   ;04   ;
12.1988  ;     0.050;31   ;     ;01   ;     0.160;05   ;11   ;07   ;
01.1989  ;     0.009;31   ;     ;01   ;     0.055;10   ;     ;01   ;
02.1989  ;          ;18   ;28   ;11   ;     0.008;01   ;02   ;02   ;
03.1989  ;          ;01   ;16   ;16   ;     2.530;23   ;     ;01   ;
04.1989  ;     0.750;30   ;     ;01   ;     2.730;05   ;     ;01   ;
05.1989  ;     0.750;18   ;19   ;02   ;     4.020;15   ;     ;01   ;
06.1989  ;     0.750;11   ;13   ;03   ;    67.500;19   ;     ;01   ;
07.1989  ;     0.500;23   ;     ;01   ;   174.000;31   ;     ;01   ;
08.1989  ;     1.020;30   ;31   ;02   ;   151.000;01   ;     ;01   ;
09.1989  ;     1.210;27   ;28   ;02   ;    31.400;13   ;     ;01   ;
10.1989  ;     0.640;23   ;31   ;07   ;     1.410;01   ;     ;01   ;
11.1989  ;     0.270;30   ;     ;01   ;     0.870;09   ;10   ;02   ;
12.1989  ;     0.008;21   ;     ;01   ;     0.250;01   ;     ;01   ;
01.1990  ;          ;22   ;31   ;10   ;     0.014;01   ;     ;01   ;
02.1990  ;          ;01   ;28   ;28   ;          ;01   ;28   ;28   ;
03.1990  ;          ;01   ;09   ;09   ;     3.700;24   ;     ;01   ;
04.1990  ;     1.570;07   ;     ;01   ;    10.300;17   ;     ;01   ;
05.1990  ;     2.200;14   ;15   ;02   ;    28.600;22   ;     ;01   ;
06.1990  ;     0.900;30   ;     ;01   ;    47.300;11   ;     ;01   ;
07.1990  ;     0.550;06   ;08   ;03   ;     3.100;29   ;     ;01   ;
08.1990  ;     1.170;01   ;     ;01   ;   127.000;24   ;     ;01   ;
09.1990  ;     2.710;27   ;28   ;02   ;    53.100;04   ;     ;01   ;
10.1990  ;     1.990;30   ;     ;01   ;     9.390;02   ;     ;01   ;
11.1990  ;     0.750;30   ;     ;01   ;     1.990;01   ;     ;01   ;
12.1990  ;     0.160;31   ;     ;01   ;     0.700;01   ;     ;01   ;
01.1991  ;          ;08   ;31   ;24   ;     0.140;01   ;     ;01   ;
02.1991  ;          ;     ;     ;     ;          ;     ;     ;     ;
03.1991  ;          ;01   ;24   ;24   ;     3.550;27   ;     ;01   ;
04.1991  ;     1.630;10   ;     ;01   ;     7.080;30   ;     ;01   ;
05.1991  ;     2.180;31   ;     ;01   ;    53.199;03   ;     ;01   ;
06.1991  ;     0.690;11   ;12   ;02   ;     7.270;22   ;23   ;02   ;
07.1991  ;     0.310;08   ;     ;01   ;   173.000;23   ;31   ;02   ;
08.1991  ;     2.050;30   ;31   ;02   ;   160.000;01   ;     ;01   ;
09.1991  ;     0.210;27   ;30   ;04   ;     2.180;01   ;     ;01   ;
10.1991  ;     0.210;01   ;18   ;07   ;     4.520;19   ;     ;01   ;
11.1991  ;     0.180;20   ;     ;01   ;     1.290;01   ;     ;01   ;
12.1991  ;     0.020;31   ;     ;01   ;     0.180;01   ;     ;01   ;
01.1992  ;          ;06   ;31   ;26   ;     0.017;01   ;     ;01   ;
02.1992  ;          ;01   ;17   ;17   ;          ;31   ;     ;01   ;
03.1992  ;          ;01   ;17   ;17   ;     0.130;31   ;     ;01   ;
04.1992  ;     0.170;01   ;     ;01   ;     0.570;03   ;06   ;04   ;
05.1992  ;     0.270;05   ;07   ;03   ;     0.960;30   ;     ;01   ;
06.1992  ;     0.550;02   ;03   ;02   ;   152.000;09   ;     ;01   ;
07.1992  ;     0.320;19   ;21   ;03   ;     1.310;01   ;     ;01   ;
08.1992  ;     0.290;30   ;31   ;02   ;     1.180;01   ;     ;01   ;
09.1992  ;     0.320;01   ;23   ;04   ;     0.640;12   ;     ;01   ;
10.1992  ;     0.290;15   ;20   ;06   ;     0.550;25   ;27   ;03   ;
11.1992  ;     0.220;30   ;     ;01   ;     0.410;07   ;     ;01   ;
12.1992  ;     0.017;21   ;     ;01   ;     0.200;08   ;     ;01   ;
01.1993  ;          ;09   ;31   ;23   ;     0.200;01   ;     ;01   ;
02.1993  ;          ;     ;     ;     ;          ;     ;     ;     ;
03.1993  ;          ;01   ;21   ;21   ;     0.270;31   ;     ;01   ;
04.1993  ;     0.170;10   ;     ;01   ;     0.810;25   ;27   ;03   ;
05.1993  ;     0.530;17   ;18   ;02   ;     3.140;26   ;27   ;02   ;
06.1993  ;     0.700;01   ;02   ;02   ;     5.590;26   ;     ;01   ;
07.1993  ;     0.230;21   ;29   ;06   ;     1.590;01   ;     ;01   ;
08.1993  ;     0.320;07   ;08   ;02   ;    11.100;19   ;     ;01   ;
09.1993  ;     0.530;12   ;14   ;03   ;    11.600;30   ;     ;01   ;
10.1993  ;     0.870;21   ;     ;01   ;    42.301;31   ;     ;01   ;
11.1993  ;     2.850;30   ;     ;01   ;    49.398;01   ;     ;01   ;
12.1993  ;     0.100;31   ;     ;01   ;     2.470;01   ;     ;01   ;
01.1994  ;          ;21   ;31   ;11   ;     0.093;01   ;     ;01   ;
02.1994  ;          ;     ;     ;     ;          ;     ;     ;     ;
03.1994  ;          ;01   ;29   ;29   ;     0.260;31   ;     ;01   ;
04.1994  ;     1.000;28   ;30   ;03   ;    17.398;02   ;     ;01   ;
05.1994  ;     0.960;01   ;03   ;03   ;    28.699;06   ;     ;01   ;
06.1994  ;     0.920;24   ;25   ;02   ;     8.010;28   ;     ;01   ;
07.1994  ;     0.850;30   ;     ;01   ;     8.160;11   ;     ;01   ;
08.1994  ;     0.890;10   ;11   ;02   ;    13.400;17   ;     ;01   ;
09.1994  ;     0.770;17   ;     ;01   ;   148.000;21   ;     ;01   ;
10.1994  ;     5.460;28   ;31   ;02   ;   132.000;05   ;06   ;02   ;
11.1994  ;     0.920;29   ;30   ;02   ;     5.460;01   ;     ;01   ;
12.1994  ;     0.037;31   ;     ;01   ;     0.870;01   ;     ;01   ;
01.1995  ;     0.016;31   ;     ;01   ;     0.051;20   ;     ;01   ;
02.1995  ;          ;13   ;19   ;07   ;     0.015;01   ;02   ;02   ;
03.1995  ;     0.004;10   ;     ;01   ;     0.160;31   ;     ;01   ;
04.1995  ;     0.190;01   ;     ;01   ;     1.250;17   ;     ;01   ;
05.1995  ;     0.710;01   ;02   ;02   ;    28.102;13   ;     ;01   ;
06.1995  ;     0.640;19   ;24   ;03   ;     3.340;02   ;     ;01   ;
07.1995  ;     0.480;20   ;26   ;04   ;     0.930;08   ;     ;01   ;
08.1995  ;     0.510;01   ;     ;01   ;    10.300;15   ;     ;01   ;
09.1995  ;     0.600;25   ;26   ;02   ;     6.160;03   ;     ;01   ;
10.1995  ;     0.510;13   ;14   ;02   ;    10.300;26   ;     ;01   ;
11.1995  ;     0.300;30   ;     ;01   ;     2.700;01   ;     ;01   ;
12.1995  ;     0.050;31   ;     ;01   ;     0.300;01   ;     ;01   ;
01.1996  ;     0.002;29   ;31   ;02   ;     0.046;01   ;     ;01   ;
02.1996  ;          ;06   ;29   ;24   ;     0.001;01   ;04   ;04   ;
03.1996  ;          ;01   ;17   ;17   ;     0.130;31   ;     ;01   ;
04.1996  ;     0.140;01   ;     ;01   ;     0.660;15   ;     ;01   ;
05.1996  ;     0.770;01   ;     ;01   ;     3.890;11   ;     ;01   ;
06.1996  ;     0.260;27   ;28   ;02   ;     3.310;30   ;     ;01   ;
07.1996  ;     0.610;14   ;     ;01   ;    19.199;03   ;     ;01   ;
08.1996  ;     0.830;31   ;     ;01   ;    21.602;14   ;     ;01   ;
09.1996  ;     0.610;13   ;14   ;02   ;     6.010;20   ;21   ;02   ;
10.1996  ;     0.610;05   ;     ;01   ;     0.910;07   ;27   ;06   ;
11.1996  ;     0.076;30   ;     ;01   ;     0.700;01   ;     ;01   ;
12.1996  ;     0.010;31   ;     ;01   ;     0.073;01   ;     ;01   ;
01.1997  ;          ;07   ;31   ;25   ;     0.009;01   ;     ;01   ;
02.1997  ;          ;     ;     ;     ;          ;01   ;28   ;28   ;
03.1997  ;          ;01   ;17   ;17   ;     1.860;31   ;     ;01   ;
04.1997  ;     0.560;10   ;     ;01   ;     1.670;01   ;     ;01   ;
05.1997  ;     1.140;04   ;05   ;02   ;    17.102;20   ;     ;01   ;
06.1997  ;     1.290;30   ;     ;01   ;    59.500;10   ;     ;01   ;
07.1997  ;     0.180;26   ;31   ;04   ;     1.700;10   ;     ;01   ;
08.1997  ;     0.250;01   ;02   ;02   ;     2.660;23   ;     ;01   ;
09.1997  ;     0.120;19   ;20   ;02   ;     0.690;01   ;     ;01   ;
10.1997  ;     0.120;18   ;20   ;03   ;     0.500;04   ;05   ;02   ;
11.1997  ;     0.120;21   ;27   ;05   ;     0.370;04   ;15   ;04   ;
12.1997  ;     0.012;31   ;     ;01   ;     0.130;01   ;     ;01   ;
01.1998  ;          ;01   ;31   ;31   ;     0.009;01   ;     ;01   ;
02.1998  ;          ;01   ;28   ;28   ;          ;01   ;28   ;28   ;
03.1998  ;          ;01   ;12   ;12   ;     0.510;31   ;     ;01   ;
04.1998  ;     0.230;30   ;     ;01   ;     0.500;01   ;     ;01   ;
05.1998  ;     0.320;01   ;     ;01   ;     1.300;03   ;     ;01   ;
06.1998  ;     0.140;25   ;27   ;03   ;     1.120;30   ;     ;01   ;
07.1998  ;     0.430;31   ;     ;01   ;    43.300;05   ;     ;01   ;
08.1998  ;     0.380;01   ;04   ;04   ;    67.200;30   ;     ;01   ;
09.1998  ;     4.110;30   ;     ;01   ;    81.000;07   ;08   ;02   ;
10.1998  ;     1.860;13   ;24   ;03   ;     5.680;16   ;     ;01   ;
11.1998  ;     0.180;30   ;     ;01   ;     2.320;01   ;     ;01   ;
12.1998  ;     0.024;31   ;     ;01   ;     0.170;01   ;     ;01   ;
01.1999  ;          ;30   ;31   ;02   ;     0.023;01   ;     ;01   ;
02.1999  ;          ;01   ;28   ;28   ;          ;01   ;28   ;28   ;
03.1999  ;          ;01   ;25   ;25   ;     2.300;27   ;     ;01   ;
04.1999  ;     0.900;08   ;     ;01   ;    16.400;16   ;     ;01   ;
05.1999  ;     1.410;31   ;     ;01   ;     3.670;19   ;     ;01   ;
06.1999  ;     0.680;23   ;25   ;03   ;     3.220;09   ;     ;01   ;
07.1999  ;     0.270;15   ;16   ;02   ;     2.780;26   ;     ;01   ;
08.1999  ;     0.140;17   ;18   ;02   ;     0.570;01   ;06   ;03   ;
09.1999  ;     0.140;09   ;23   ;08   ;     0.460;01   ;     ;01   ;
10.1999  ;     0.140;01   ;     ;01   ;     0.680;04   ;     ;01   ;
11.1999  ;     0.036;30   ;     ;01   ;     0.370;01   ;04   ;04   ;
12.1999  ;          ;23   ;31   ;09   ;     0.034;01   ;     ;01   ;
